"from","status","hops","chain","finalStatus","proposedTo","disposition"
"https://www.oligopolypeptides.com/peptide-finder/cellular-health/","301","2","[""https://www.oligopolypeptides.com/cellular-longevity-hub/"",""https://www.oligopolypeptides.com/senescence-biology-hub/""]","200","https://www.oligopolypeptides.com/senescence-biology-hub/","Propose direct 301; retain exact destination"
"https://www.oligopolypeptides.com/research-panels/","301","2","[""https://www.oligopolypeptides.com/research-stacks/"",""https://www.oligopolypeptides.com/research-collections/""]","200","null","Hold: product-to-article equivalence or destination quality unresolved"
"http://oligopolypeptides.com/","301","2","[""https://oligopolypeptides.com/"",""https://www.oligopolypeptides.com/""]","200","https://www.oligopolypeptides.com/","Propose direct 301; retain exact destination"
"http://oligopolypeptides.com/products/selank-5mg-research-peptide/","301","2","[""https://oligopolypeptides.com/products/selank-5mg-research-peptide/"",""https://www.oligopolypeptides.com/products/selank-5mg-research-peptide/""]","200","https://www.oligopolypeptides.com/products/selank-5mg-research-peptide/","Propose direct 301; retain exact destination"
"http://shop.oligopolypeptides.com/","301","2","[""https://shop.oligopolypeptides.com/"",""https://www.oligopolypeptides.com/""]","200","https://www.oligopolypeptides.com/","Propose direct 301; retain exact destination"
"http://shop.oligopolypeptides.com/products/selank-5mg-research-peptide/","301","2","[""https://shop.oligopolypeptides.com/products/selank-5mg-research-peptide/"",""https://www.oligopolypeptides.com/products/selank-5mg-research-peptide/""]","200","https://www.oligopolypeptides.com/products/selank-5mg-research-peptide/","Propose direct 301; retain exact destination"
"https://www.oligopolypeptides.com/products/cellular-energy-stack/","301","2","[""https://www.oligopolypeptides.com/products/cellular-energy-research-collection/"",""https://www.oligopolypeptides.com/products/mitochondrial-signaling-collection/""]","200","https://www.oligopolypeptides.com/products/mitochondrial-signaling-collection/","Propose direct 301; retain exact destination"
"https://www.oligopolypeptides.com/products/neurocognitive-pathways-stack/","301","2","[""https://www.oligopolypeptides.com/products/neurocognitive-pathways-research-collection/"",""https://www.oligopolypeptides.com/products/cns-receptor-reference-collection/""]","200","https://www.oligopolypeptides.com/products/cns-receptor-reference-collection/","Propose direct 301; retain exact destination"
"https://www.oligopolypeptides.com/products/regenerative-biology-stack/","301","2","[""https://www.oligopolypeptides.com/products/regenerative-biology-research-collection/"",""https://www.oligopolypeptides.com/products/tissue-signaling-collection/""]","200","https://www.oligopolypeptides.com/products/tissue-signaling-collection/","Propose direct 301; retain exact destination"
"https://www.oligopolypeptides.com/products/tesamorelin","301","2","[""https://www.oligopolypeptides.com/products/tesamorelin-10mg-research-peptide/"",""https://www.oligopolypeptides.com/ipamorelin-vs-tesamorelin-research-comparison/""]","200","null","Hold: product-to-article equivalence or destination quality unresolved"
"https://www.oligopolypeptides.com/products/ipamorelin","301","2","[""https://www.oligopolypeptides.com/products/ipamorelin-5mg-research-peptide/"",""https://www.oligopolypeptides.com/cjc-1295-vs-ipamorelin/""]","200","null","Hold: product-to-article equivalence or destination quality unresolved"
"https://www.oligopolypeptides.com/products/cjc-1295-no-dac","301","2","[""https://www.oligopolypeptides.com/products/cjc-1295-no-dac-2mg-research-peptide/"",""https://www.oligopolypeptides.com/cjc-1295-vs-ipamorelin/""]","200","null","Hold: product-to-article equivalence or destination quality unresolved"
"https://oligopolypeptides.com/stacks/longevity-research-stack","301","2","[""https://www.oligopolypeptides.com/stacks/longevity-research-stack"",""https://www.oligopolypeptides.com/longevity-research-blends/""]","200","null","Hold: product-to-article equivalence or destination quality unresolved"
"https://oligopolypeptides.com/contact?subject=404%20Error&message=Broken%20link%20found:%20/cagrilintide-research-peptide","301","2","[""https://www.oligopolypeptides.com/contact?subject=404%20Error&message=Broken%20link%20found:%20/cagrilintide-research-peptide"",""https://www.oligopolypeptides.com/contact/?subject=404%20Error&message=Broken%20link%20found:%20/cagrilintide-research-peptide""]","200","null","Hold: product-to-article equivalence or destination quality unresolved"
"https://oligopolypeptides.com/product-tag/lyophilized-nad-vial","301","2","[""https://www.oligopolypeptides.com/product-tag/lyophilized-nad-vial"",""https://www.oligopolypeptides.com/product-tag/lyophilized-nad-vial/""]","200","null","Hold: product-to-article equivalence or destination quality unresolved"
"https://www.oligopolypeptides.com/?product=cagrilintide","301","2","[""https://www.oligopolypeptides.com/products/"",""https://www.oligopolypeptides.com/research-catalog/""]","200","null","Hold: product-to-article equivalence or destination quality unresolved"
"https://www.oligopolypeptides.com/?product=aod-9604","301","2","[""https://www.oligopolypeptides.com/products/"",""https://www.oligopolypeptides.com/research-catalog/""]","200","null","Hold: product-to-article equivalence or destination quality unresolved"
"https://www.oligopolypeptides.com/?product=bpc-tb-blend","301","2","[""https://www.oligopolypeptides.com/products/"",""https://www.oligopolypeptides.com/research-catalog/""]","200","null","Hold: product-to-article equivalence or destination quality unresolved"
"https://www.oligopolypeptides.com/?product=thymosin-beta-4","301","2","[""https://www.oligopolypeptides.com/products/"",""https://www.oligopolypeptides.com/research-catalog/""]","200","null","Hold: product-to-article equivalence or destination quality unresolved"
"https://www.oligopolypeptides.com/?product=ara-290","301","2","[""https://www.oligopolypeptides.com/products/"",""https://www.oligopolypeptides.com/research-catalog/""]","200","null","Hold: product-to-article equivalence or destination quality unresolved"
"https://www.oligopolypeptides.com/?product=cjc-1295-nodac","301","2","[""https://www.oligopolypeptides.com/products/"",""https://www.oligopolypeptides.com/research-catalog/""]","200","null","Hold: product-to-article equivalence or destination quality unresolved"
"https://www.oligopolypeptides.com/?product=igf-1-lr3","301","2","[""https://www.oligopolypeptides.com/products/"",""https://www.oligopolypeptides.com/research-catalog/""]","200","null","Hold: product-to-article equivalence or destination quality unresolved"
"https://www.oligopolypeptides.com/?product=peg-mgf","301","2","[""https://www.oligopolypeptides.com/products/"",""https://www.oligopolypeptides.com/research-catalog/""]","200","null","Hold: product-to-article equivalence or destination quality unresolved"
"https://www.oligopolypeptides.com/?product=follistatin-344","301","2","[""https://www.oligopolypeptides.com/products/"",""https://www.oligopolypeptides.com/research-catalog/""]","200","null","Hold: product-to-article equivalence or destination quality unresolved"
"https://www.oligopolypeptides.com/?product=mots-c-2","301","2","[""https://www.oligopolypeptides.com/products/"",""https://www.oligopolypeptides.com/research-catalog/""]","200","null","Hold: product-to-article equivalence or destination quality unresolved"
"https://www.oligopolypeptides.com/?product=ss-31","301","2","[""https://www.oligopolypeptides.com/products/"",""https://www.oligopolypeptides.com/research-catalog/""]","200","null","Hold: product-to-article equivalence or destination quality unresolved"
"https://www.oligopolypeptides.com/?product=semax","301","2","[""https://www.oligopolypeptides.com/products/"",""https://www.oligopolypeptides.com/research-catalog/""]","200","null","Hold: product-to-article equivalence or destination quality unresolved"
"https://www.oligopolypeptides.com/?product=thymosin-alpha-1","301","2","[""https://www.oligopolypeptides.com/products/"",""https://www.oligopolypeptides.com/research-catalog/""]","200","null","Hold: product-to-article equivalence or destination quality unresolved"
"https://www.oligopolypeptides.com/?product=pt-141","301","2","[""https://www.oligopolypeptides.com/products/"",""https://www.oligopolypeptides.com/research-catalog/""]","200","null","Hold: product-to-article equivalence or destination quality unresolved"
"https://www.oligopolypeptides.com/?product=melanotan-ii","301","2","[""https://www.oligopolypeptides.com/products/"",""https://www.oligopolypeptides.com/research-catalog/""]","200","null","Hold: product-to-article equivalence or destination quality unresolved"
"https://www.oligopolypeptides.com/?product=starter-research-Research%20Panel-bpc-157-tb-500-ghk-cu","301","2","[""https://www.oligopolypeptides.com/products/"",""https://www.oligopolypeptides.com/research-catalog/""]","200","null","Hold: product-to-article equivalence or destination quality unresolved"
"https://www.oligopolypeptides.com/?product=recovery-cellular-Research%20Panel-bpc-157-tb-500-ghk-cu-ss-31","301","2","[""https://www.oligopolypeptides.com/products/"",""https://www.oligopolypeptides.com/research-catalog/""]","200","null","Hold: product-to-article equivalence or destination quality unresolved"
"https://www.oligopolypeptides.com/?product=recovery-support-Research%20Panel-bpc-157-tb-500-ara-290","301","2","[""https://www.oligopolypeptides.com/products/"",""https://www.oligopolypeptides.com/research-catalog/""]","200","null","Hold: product-to-article equivalence or destination quality unresolved"
"https://www.oligopolypeptides.com/?product=metabolic-research-Research%20Panel","301","2","[""https://www.oligopolypeptides.com/products/"",""https://www.oligopolypeptides.com/research-catalog/""]","200","null","Hold: product-to-article equivalence or destination quality unresolved"
"https://www.oligopolypeptides.com/?product=advanced-multi-pathway-Research%20Panel","301","2","[""https://www.oligopolypeptides.com/products/"",""https://www.oligopolypeptides.com/research-catalog/""]","200","null","Hold: product-to-article equivalence or destination quality unresolved"